left,top,right,bottom,HEX_ID,CITY_ID,NAMEASCII,cent_xcoor,cent_ycoor,NEIGHBORS,CONTINENT,sys_xcoord,sys_ycoord
-184.65901,74.82323,-173.11201,64.82323,3,3,Egvekinot,-178.88551,69.82323,Nome,Asia,-179.1837224648,66.3221316562
-184.65901,-15.17677,-173.11201,-25.17677,12,4,Nukualofa,-178.88551,-20.17677,Apia,,-175.2205644776,-21.1385123567
-184.65901,-35.17677,-173.11201,-45.17677,14,6,Waitangi,-178.88551,-40.17677,,Oceania,-176.3695787214,-44.0262533597
-175.99876,69.82323,-164.45175,59.82323,24,16,Nome,-170.22525,64.82323,"Egvekinot,Bethel,Barrow",North America,-165.406374351,64.5061000764
-175.99876,59.82323,-164.45175,49.82323,25,19,Unalaska,-170.22525,54.82323,Bethel,,-166.531602826,53.8685840038
-175.99876,-0.17677,-164.45175,-10.17677,31,20,Atafu,-170.22525,-5.17677,,,-172.497665428,-8.5486181556
-175.99876,-10.17677,-164.45175,-20.17677,32,23,Apia,-170.22525,-15.17677,Nukualofa,Oceania,-171.7386416086,-13.8415450424
-167.3385,74.82323,-155.7915,64.82323,45,32,Barrow,-161.565,69.82323,"Nome,Bethel,Anchorage",North America,-156.7885799581,71.290569681
-167.3385,64.82323,-155.7915,54.82323,46,56,Bethel,-161.565,59.82323,"Unalaska,Nome,Barrow,Kodiak,Anchorage",North America,-161.7557961446,60.7933034456
-167.3385,24.82323,-155.7915,14.82323,50,61,Honolulu,-161.565,19.82323,Hilo,,-157.8599437448,21.3088223021
-167.3385,-15.17677,-155.7915,-25.17677,54,62,Avarua,-161.565,-20.17677,,Oceania,-159.7854367123,-21.196225589
-158.67825,69.82323,-147.13124,59.82323,66,81,Anchorage,-152.90475,64.82323,"Bethel,Barrow,Kodiak,Prudhoe Bay,Valdez",North America,-149.9002148865,61.2199699088
-158.67825,59.82323,-147.13124,49.82323,67,85,Kodiak,-152.90475,54.82323,"Bethel,Anchorage,Valdez",North America,-152.4069869405,57.7899983918
-158.67825,19.82323,-147.13124,9.82323,71,86,Hilo,-152.90475,14.82323,Honolulu,Oceania,-155.0900273051,19.6999977813
-158.67825,-10.17677,-147.13124,-20.17677,74,87,Papeete,-152.90475,-15.17677,,Oceania,-149.5666693542,-17.5333626111
-150.01799,74.82323,-138.47099,64.82323,87,91,Prudhoe Bay,-144.24449,69.82323,"Whitehorse,Anchorage,Valdez",North America,-148.6693597839,70.2921810091
-150.01799,64.82323,-138.47099,54.82323,88,99,Valdez,-144.24449,59.82323,"Juneau,Whitehorse,Kodiak,Anchorage,Prudhoe Bay",North America,-146.3482869893,61.1359957063
-141.35774,69.82323,-129.81074,59.82323,108,107,Whitehorse,-135.58424,64.82323,"Juneau,Norman Wells,Fort Nelson,Prudhoe Bay,Valdez",North America,-135.049984377,60.7167189729
-141.35774,59.82323,-129.81074,49.82323,109,115,Juneau,-135.58424,54.82323,"Vancouver,Whitehorse,Fort Nelson,Valdez",North America,-134.4199969909,58.3141266064
-132.69749,74.82323,-121.15048,64.82323,129,118,Norman Wells,-126.92398,69.82323,"Whitehorse,Fort Nelson,Yellowknife,Holman",North America,-126.8499681009,65.2837270296
-132.69749,64.82323,-121.15048,54.82323,130,121,Fort Nelson,-126.92398,59.82323,"Vancouver,Edmonton,Juneau,Whitehorse,Norman Wells,Yellowknife",North America,-122.5329706237,58.8167057486
-132.69749,54.82323,-121.15048,44.82323,131,144,Vancouver,-126.92398,49.82323,"San Francisco,Seattle,Edmonton,Juneau,Fort Nelson",North America,-123.1235900764,49.2753624427
-132.69749,44.82323,-121.15048,34.82323,132,160,San Francisco,-126.92398,39.82323,"Los Angeles,Seattle,Vancouver",North America,-122.4171687736,37.7691956297
-124.03723,79.82323,-112.49023,69.82323,149,161,Holman,-118.26373,74.82323,"Norman Wells,Yellowknife,Cambridge Bay",North America,-117.7499809182,70.7333685498
-124.03723,69.82323,-112.49023,59.82323,150,166,Yellowknife,-118.26373,64.82323,"Edmonton,Norman Wells,Fort Nelson,Holman,Fort McMurray,Cambridge Bay",North America,-114.3969814472,62.4420141796
-124.03723,59.82323,-112.49023,49.82323,151,183,Edmonton,-118.26373,54.82323,"Seattle,Vancouver,Calgary,Fort Nelson,Yellowknife,Fort McMurray",North America,-113.5019277941,53.5519704956
-124.03723,49.82323,-112.49023,39.82323,152,221,Seattle,-118.26373,44.82323,"San Francisco,Los Angeles,Denver,Vancouver,Calgary,Edmonton",North America,-122.3419308459,47.5719479125
-124.03723,39.82323,-112.49023,29.82323,153,272,Los Angeles,-118.26373,34.82323,"Phoenix,San Francisco,Seattle,Denver",North America,-118.1819263699,33.9919241088
-115.37698,74.82323,-103.82997,64.82323,171,273,Cambridge Bay,-109.60348,69.82323,"Yellowknife,Holman,Fort McMurray,Baker Lake",North America,-105.0333152688,69.1169555859
-115.37698,64.82323,-103.82997,54.82323,172,280,Fort McMurray,-109.60348,59.82323,"Calgary,Edmonton,Prince Albert,Yellowknife,Cambridge Bay,Baker Lake",North America,-111.3833152688,56.7333187043
-115.37698,54.82323,-103.82997,44.82323,173,309,Calgary,-109.60348,49.82323,"Seattle,Denver,Fargo,Edmonton,Prince Albert,Fort McMurray",North America,-114.0819440701,51.0849376179
-115.37698,44.82323,-103.82997,34.82323,174,357,Denver,-109.60348,39.82323,"Phoenix,Los Angeles,Seattle,Dallas,Fargo,Calgary",North America,-104.985961811,39.741133907
-115.37698,34.82323,-103.82997,24.82323,175,410,Phoenix,-109.60348,29.82323,"Mazatlan,Guadalajara,Los Angeles,Denver,Dallas",North America,-112.0719375597,33.5419257364
-115.37698,24.82323,-103.82997,14.82323,176,426,Mazatlan,-109.60348,19.82323,"Phoenix,Guadalajara,Mexico City",,-106.4200006529,23.2211006866
-106.71672,69.82323,-95.16972,59.82323,192,427,Baker Lake,-100.94322,64.82323,"Rankin Inlet,Gjoa Haven,Prince Albert,Fort McMurray,Cambridge Bay",North America,-96.0166563332,64.3169901725
-106.71672,59.82323,-95.16972,49.82323,193,439,Prince Albert,-100.94322,54.82323,"Rankin Inlet,Fargo,Calgary,Minneapolis,Fort McMurray,Baker Lake",North America,-105.74998987,53.200020161
-106.71672,49.82323,-95.16972,39.82323,194,473,Fargo,-100.94322,44.82323,"Chicago,Denver,Dallas,Calgary,Prince Albert,Minneapolis",North America,-96.7894257017,46.8772278026
-106.71672,39.82323,-95.16972,29.82323,195,532,Dallas,-100.94322,34.82323,"Houston,Chicago,Phoenix,Guadalajara,Denver,Fargo",North America,-96.8419627875,32.8219696817
-106.71672,29.82323,-95.16972,19.82323,196,600,Guadalajara,-100.94322,24.82323,"Merida,Houston,Phoenix,Mazatlan,Mexico City,Dallas",North America,-103.3319800808,20.6719619505
-106.71672,19.82323,-95.16972,9.82323,197,637,Mexico City,-100.94322,14.82323,"Merida,Mazatlan,Guadalajara",North America,-99.1329340603,19.4443883014
-98.05647,74.82323,-86.50946,64.82323,213,638,Gjoa Haven,-92.28297,69.82323,"Rankin Inlet,Arctic Bay,Igloolik,Baker Lake",,-95.9166624367,68.6332900179
-98.05647,64.82323,-86.50946,54.82323,214,643,Rankin Inlet,-92.28297,59.82323,"Gjoa Haven,Igloolik,Prince Albert,Minneapolis,Attawapiskat,Baker Lake",,-92.0953194598,62.8166683137
-98.05647,54.82323,-86.50946,44.82323,215,678,Minneapolis,-92.28297,49.82323,"Rankin Inlet,Chicago,Toronto,Fargo,Prince Albert,Attawapiskat",North America,-93.2537321967,44.9819251261
-98.05647,44.82323,-86.50946,34.82323,216,753,Chicago,-92.28297,39.82323,"Houston,Atlanta,Toronto,Dallas,Fargo,Minneapolis",North America,-87.7520008327,41.8319365193
-98.05647,34.82323,-86.50946,24.82323,217,800,Houston,-92.28297,29.82323,"Chicago,Atlanta,Guadalajara,Dallas",North America,-95.3419251491,29.8219202432
-98.05647,24.82323,-86.50946,14.82323,218,858,Merida,-92.28297,19.82323,"Miami,San Salvador,Guadalajara,Mexico City,San Jose",North America,-89.6185794053,20.9685846719
-98.05647,14.82323,-86.50946,4.82323,219,880,San Salvador,-92.28297,9.82323,"Merida,San Jose",North America,-89.2049870795,13.7119475055
-98.05647,4.82323,-86.50946,-5.17677,220,884,Galapagos,-92.28297,-0.17677,,South America,-90.3499996356,-0.5333150036
-98.05647,-65.17677,-86.50946,-75.17677,227,885,Peter I Island,-92.28297,-70.17677,,,-90.5966425328,-68.7556180727
-89.39622,79.82323,-77.84921,69.82323,233,887,Arctic Bay,-83.62271,74.82323,"Gjoa Haven,Igloolik,Pond Inlet",North America,-85.1666209327,73.0333056836
-89.39622,69.82323,-77.84921,59.82323,234,890,Igloolik,-83.62271,64.82323,"Rankin Inlet,Gjoa Haven,Arctic Bay,Inukjuak,Pond Inlet",North America,-81.7935921274,69.2565350612
-89.39622,59.82323,-77.84921,49.82323,235,892,Attawapiskat,-83.62271,54.82323,"Rankin Inlet,Toronto,Inukjuak,Minneapolis,Montreal",North America,-82.4333252377,52.9166266063
-89.39622,49.82323,-77.84921,39.82323,236,977,Toronto,-83.62271,44.82323,"Chicago,Atlanta,New York,Minneapolis,Attawapiskat,Montreal",North America,-79.421966653,43.7019257364
-89.39622,39.82323,-77.84921,29.82323,237,1066,Atlanta,-83.62271,34.82323,"Miami,Houston,Chicago,Toronto,New York,Nassau",North America,-84.4018952419,33.8319597126
-89.39622,29.82323,-77.84921,19.82323,238,1112,Miami,-83.62271,24.82323,"Port-au-Prince,Merida,Atlanta,Nassau",North America,-80.2260519395,25.789556555
-89.39622,19.82323,-77.84921,9.82323,239,1168,San Jose,-83.62271,14.82323,"San Salvador,Merida,David",North America,-84.0859972113,9.9369582884
-89.39622,9.82323,-77.84921,-0.17677,240,1179,David,-83.62271,4.82323,"San Jose,Medellin",North America,-82.4333252377,8.4333211456
-89.39622,-0.17677,-77.84921,-10.17677,241,1206,Guayaquil,-83.62271,-5.17677,"Bogota,Lima",South America,-79.9219878118,-2.218087895
-80.73596,74.82323,-69.18896,64.82323,255,1207,Pond Inlet,-74.96246,69.82323,"Arctic Bay,Iqaluit,Qaanaaq,Igloolik,Inukjuak",,-78.0000557879,72.6849806917
-80.73596,64.82323,-69.18896,54.82323,256,1212,Inukjuak,-74.96246,59.82323,"Iqaluit,Sept-Iles,Igloolik,Pond Inlet,Attawapiskat,Montreal",North America,-78.135990643,58.4700085644
-80.73596,54.82323,-69.18896,44.82323,257,1236,Montreal,-74.96246,49.82323,"Sept-Iles,Toronto,New York,Halifax,Inukjuak,Attawapiskat",North America,-73.5852428167,45.5019450642
-80.73596,44.82323,-69.18896,34.82323,258,1314,New York,-74.96246,39.82323,"Atlanta,Toronto,Nassau,Halifax,Montreal",,-73.9819627874,40.7519249226
-80.73596,34.82323,-69.18896,24.82323,259,1318,Nassau,-74.96246,29.82323,"Port-au-Prince,Miami,Atlanta,New York",,-77.3500437843,25.0833901154
-80.73596,24.82323,-69.18896,14.82323,260,1377,Port-au-Prince,-74.96246,19.82323,"Miami,Caracas,Nassau",North America,-72.3379804469,18.5429704547
-80.73596,14.82323,-69.18896,4.82323,261,1437,Medellin,-74.96246,9.82323,"Bogota,Caracas,Ciudad Guayana,David",South America,-75.5769558701,6.2769491331
-80.73596,4.82323,-69.18896,-5.17677,262,1494,Bogota,-74.96246,-0.17677,"Porto Velho,Guayaquil,Ciudad Guayana,Medellin,Lima",South America,-74.0852898138,4.5983694211
-80.73596,-5.17677,-69.18896,-15.17677,263,1546,Lima,-74.96246,-10.17677,"Arequipa,Santa Cruz,Porto Velho,Guayaquil,Bogota",South America,-77.0520079534,-12.0460668175
-80.73596,-15.17677,-69.18896,-25.17677,264,1554,Arequipa,-74.96246,-20.17677,"San Miguel de Tucuman,Santa Cruz,Lima",South America,-71.5319572942,-16.4180480187
-80.73596,-25.17677,-69.18896,-35.17677,265,1573,Valparaiso,-74.96246,-30.17677,"Concepcion,Santiago,San Miguel de Tucuman",South America,-71.6229594915,-33.045818608
-80.73596,-35.17677,-69.18896,-45.17677,266,1612,Concepcion,-74.96246,-40.17677,"Punta Arenas,Comodoro Rivadavia,Santiago,Valparaiso",South America,-73.0500220151,-36.8300142225
-80.73596,-45.17677,-69.18896,-55.17677,267,1623,Punta Arenas,-74.96246,-50.17677,"Rio Gallegos,Comodoro Rivadavia,Concepcion",South America,-70.9399957699,-53.1649861464
-72.07571,89.82323,-60.5287,79.82323,274,1624,Alert,-66.30221,84.82323,Qaanaaq,North America,-62.2499835629,82.4833231804
-72.07571,79.82323,-60.5287,69.82323,275,1626,Qaanaaq,-66.30221,74.82323,"Alert,Iqaluit,Pond Inlet",North America,-69.3322386085,77.4834733268
-72.07571,69.82323,-60.5287,59.82323,276,1630,Iqaluit,-66.30221,64.82323,"Sisimiut,Qaanaaq,Sept-Iles,Inukjuak,Pond Inlet",North America,-68.5001917461,63.7504593789
-72.07571,59.82323,-60.5287,49.82323,277,1633,Sept-Iles,-66.30221,54.82323,"Hopedale,Cape Breton,Iqaluit,Halifax,Inukjuak,Montreal",North America,-66.3600169288,50.3160876659
-72.07571,49.82323,-60.5287,39.82323,278,1667,Halifax,-66.30221,44.82323,"Cape Breton,Sept-Iles,New York,Montreal",North America,-63.6000045183,44.6500252473
-72.07571,39.82323,-60.5287,29.82323,279,1669,Hamilton,-66.30221,34.82323,,,-64.7839374203,32.2941902863
-72.07571,19.82323,-60.5287,9.82323,281,1708,Caracas,-66.30221,14.82323,"Port-au-Prince,Ciudad Guayana,Saint John's,Maturin,Medellin",South America,-66.9189830511,10.502944413
-72.07571,9.82323,-60.5287,-0.17677,282,1729,Ciudad Guayana,-66.30221,4.82323,"Porto Velho,Bogota,Manaus,Caracas,Maturin,Medellin",South America,-62.6199868181,8.370017516
-72.07571,-0.17677,-60.5287,-10.17677,283,1741,Porto Velho,-66.30221,-5.17677,"Santa Cruz,Natal,Bogota,Manaus,Ciudad Guayana,Lima",South America,-63.9000120459,-8.7500227673
-72.07571,-10.17677,-60.5287,-20.17677,284,1804,Santa Cruz,-66.30221,-15.17677,"San Miguel de Tucuman,Cuiaba,Arequipa,Natal,Porto Velho,Lima",South America,-63.2279421982,-17.7519717655
-72.07571,-20.17677,-60.5287,-30.17677,285,1856,San Miguel de Tucuman,-66.30221,-25.17677,"Santiago,Valparaiso,Buenos Aires,Cuiaba,Arequipa,Santa Cruz",South America,-65.2185700465,-26.814054285
-72.07571,-30.17677,-60.5287,-40.17677,286,1906,Santiago,-66.30221,-35.17677,"Comodoro Rivadavia,Concepcion,Mar del Plata,Valparaiso,Buenos Aires,San Miguel de Tucuman",South America,-70.6689867132,-33.4480679569
-72.07571,-40.17677,-60.5287,-50.17677,287,1923,Comodoro Rivadavia,-66.30221,-45.17677,"Rio Gallegos,Punta Arenas,Concepcion,Mar del Plata,Santiago",South America,-67.4999990251,-45.8700309054
-72.07571,-50.17677,-60.5287,-60.17677,288,1927,Rio Gallegos,-66.30221,-55.17677,"Punta Arenas,Comodoro Rivadavia",South America,-69.216586753,-51.6332966932
-72.07571,-60.17677,-60.5287,-70.17677,289,1928,Rothera Station,-66.30221,-65.17677,Esperanza Station,,-68.1235405452,-67.5647756035
-63.41545,74.82323,-51.86845,64.82323,297,1936,Sisimiut,-57.64195,69.82323,"Uummannaq,Nuuk,Iqaluit",North America,-53.6666056738,66.9500077506
-63.41545,64.82323,-51.86845,54.82323,298,1938,Hopedale,-57.64195,59.82323,"Cape Breton,Sept-Iles",North America,-60.2166709815,55.4499603466
-63.41545,54.82323,-51.86845,44.82323,299,1958,Cape Breton,-57.64195,49.82323,"Hopedale,Newfoundland,Sept-Iles,Halifax",North America,-60.1799807145,46.0661145214
-63.41545,24.82323,-51.86845,14.82323,302,1959,Saint John's,-57.64195,19.82323,Caracas,North America,-61.8500338151,17.1180365183
-63.41545,14.82323,-51.86845,4.82323,303,1974,Maturin,-57.64195,9.82323,"Manaus,Caracas,Ciudad Guayana,Vila Velha",South America,-63.1700307634,9.7499591257
-63.41545,4.82323,-51.86845,-5.17677,304,2001,Manaus,-57.64195,-0.17677,"Natal,Porto Velho,Belem,Ciudad Guayana,Maturin,Vila Velha",South America,-60.0019633977,-3.0980858605
-63.41545,-5.17677,-51.86845,-15.17677,305,2009,Natal,-57.64195,-10.17677,"Cuiaba,Santa Cruz,Porto Velho,Manaus,Brasilia,Belem",South America,-60.2699493832,-6.9838256644
-63.41545,-15.17677,-51.86845,-25.17677,306,2057,Cuiaba,-57.64195,-20.17677,"Buenos Aires,San Miguel de Tucuman,Santa Cruz,Natal,Brasilia,Sao Paulo",South America,-56.0869310491,-15.5676606489
-63.41545,-25.17677,-51.86845,-35.17677,307,2158,Buenos Aires,-57.64195,-30.17677,"Mar del Plata,Santiago,San Miguel de Tucuman,Cuiaba,Sao Paulo,Pelotas",South America,-58.3994772323,-34.6005557499
-63.41545,-35.17677,-51.86845,-45.17677,308,2176,Mar del Plata,-57.64195,-40.17677,"Comodoro Rivadavia,Santiago,Buenos Aires",South America,-57.5799843766,-38.000020326
-63.41545,-45.17677,-51.86845,-55.17677,309,2178,Stanley,-57.64195,-50.17677,,South America,-57.8499678972,-51.7000109673
-63.41545,-55.17677,-51.86845,-65.17677,310,2189,Esperanza Station,-57.64195,-60.17677,Rothera Station,Antarctica,-57.0259015104,-63.3753286516
-54.7552,79.82323,-43.20819,69.82323,317,2190,Uummannaq,-48.9817,74.82323,"Sisimiut,Nuuk,Tasiilaq",,-52.1229344311,70.6750234278
-54.7552,69.82323,-43.20819,59.82323,318,2197,Nuuk,-48.9817,64.82323,"Sisimiut,Uummannaq,Tasiilaq,Timmiarmiut",North America,-51.7326587899,64.1982814673
-54.7552,49.82323,-43.20819,39.82323,320,2199,Newfoundland,-48.9817,44.82323,Cape Breton,North America,-52.6810069189,47.5849882193
-54.7552,9.82323,-43.20819,-0.17677,324,2208,Vila Velha,-48.9817,4.82323,"Manaus,Belem,Maturin",South America,-51.2166518571,3.2166628203
-54.7552,-0.17677,-43.20819,-10.17677,325,2245,Belem,-48.9817,-5.17677,"Natal,Manaus,Brasilia,Fortaleza,Salvador,Vila Velha",South America,-48.4819688908,-1.4480573774
-54.7552,-10.17677,-43.20819,-20.17677,326,2280,Brasilia,-48.9817,-15.17677,"Cuiaba,Natal,Belem,Salvador,Sao Paulo,Rio de Janeiro",South America,-47.917998147,-15.7813943729
-54.7552,-20.17677,-43.20819,-30.17677,327,2382,Sao Paulo,-48.9817,-25.17677,"Buenos Aires,Cuiaba,Brasilia,Pelotas,Rio de Janeiro",South America,-46.6269658391,-23.5567337284
-54.7552,-30.17677,-43.20819,-40.17677,328,2390,Pelotas,-48.9817,-35.17677,"Buenos Aires,Sao Paulo",South America,-52.3300205908,-31.7500142224
-46.09495,74.82323,-34.54794,64.82323,339,2392,Tasiilaq,-40.32144,69.82323,"Uummannaq,Nuuk,Timmiarmiut",,-37.6337371026,65.6018693446
-46.09495,64.82323,-34.54794,54.82323,340,2393,Timmiarmiut,-40.32144,59.82323,"Nuuk,Tasiilaq",North America,-42.2167102474,62.5332747591
-46.09495,4.82323,-34.54794,-5.17677,346,2418,Fortaleza,-40.32144,-0.17677,"Belem,Salvador,Recife",South America,-38.5819271834,-3.7480720258
-46.09495,-5.17677,-34.54794,-15.17677,347,2463,Salvador,-40.32144,-10.17677,"Brasilia,Belem,Fortaleza,Recife,Rio de Janeiro",South America,-38.4819332869,-12.968026046
-46.09495,-15.17677,-34.54794,-25.17677,348,2516,Rio de Janeiro,-40.32144,-20.17677,"Brasilia,Salvador,Sao Paulo",South America,-43.2269666528,-22.9230773156
-46.09495,-55.17677,-34.54794,-65.17677,352,2517,Orcadas Station,-40.32144,-60.17677,,,-44.7333008235,-60.7328963026
-46.09495,-75.17677,-34.54794,-85.17677,354,2519,Doctor Sobral,-40.32144,-80.17677,General Belgrano Station,,-40.5015315206,-81.1790847228
-37.43469,39.82323,-25.88769,29.82323,363,2520,Horta,-31.66119,34.82323,Ponta Delgada,Europe,-28.6447568136,38.5346559454
-37.43469,-0.17677,-25.88769,-10.17677,367,2535,Recife,-31.66119,-5.17677,"Fortaleza,Salvador",South America,-34.9175513696,-8.0736994672
-37.43469,-50.17677,-25.88769,-60.17677,372,2536,Grytviken,-31.66119,-55.17677,,Antarctica,-36.5079889339,-54.2805769667
-37.43469,-70.17677,-25.88769,-80.17677,374,2538,General Belgrano Station,-31.66119,-75.17677,Doctor Sobral,,-34.6166831884,-77.8663207819
-28.77444,74.82323,-17.22743,64.82323,381,2539,Saudarkrokur,-23.00094,69.82323,"Reykjavik,Akureyi",Europe,-19.6389927587,65.7464119661
-28.77444,64.82323,-17.22743,54.82323,382,2545,Reykjavik,-23.00094,59.82323,"Akureyi,Saudarkrokur",Europe,-21.9500144872,64.1500236197
-28.77444,44.82323,-17.22743,34.82323,384,2547,Ponta Delgada,-23.00094,39.82323,Horta,Europe,-25.6665834976,37.7483018179
-28.77444,24.82323,-17.22743,14.82323,386,2549,Praia,-23.00094,19.82323,,Africa,-23.516688885,14.9166980173
-20.11418,89.82323,-8.56718,79.82323,400,2550,Nord,-14.34068,84.82323,,North America,-17.8000352391,81.7166257927
-20.11418,69.82323,-8.56718,59.82323,402,2553,Akureyi,-14.34068,64.82323,"Reykjavik,Saudarkrokur",,-18.1000169286,65.6665718782
-20.11418,39.82323,-8.56718,29.82323,405,2554,Funchal,-14.34068,34.82323,,Africa,-16.880039715,32.6499825226
-20.11418,29.82323,-8.56718,19.82323,406,2569,Las Palmas,-14.34068,24.82323,"Dakar,Nema,Casablanca",Africa,-15.4299990249,28.0999760122
-20.11418,19.82323,-8.56718,9.82323,407,2628,Dakar,-14.34068,14.82323,"Las Palmas,Nema,Conakry,Abidjan",Africa,-17.4750759871,14.7177775836
-20.11418,9.82323,-8.56718,-0.17677,408,2641,Conakry,-14.34068,4.82323,"Dakar,San-Pedro,Abidjan",,-13.6821808861,9.533468705
-20.11418,-70.17677,-8.56718,-80.17677,416,2645,Novolazarevskaya Station,-14.34068,-75.17677,Neumayer,Antarctica,-11.8502129048,-71.3012347468
-11.45393,64.82323,0.09308,54.82323,424,2663,Glasgow,-5.68043,59.82323,"Birmingham,London",Europe,-4.2526530947,55.8763505818
-11.45393,54.82323,0.09308,44.82323,425,2706,Birmingham,-5.68043,49.82323,"Glasgow,London,Paris",Europe,-1.9219426455,52.4769198364
-11.45393,44.82323,0.09308,34.82323,426,2771,Madrid,-5.68043,39.82323,"Algiers,Paris,Casablanca",Europe,-3.6852975446,40.4019721231
-11.45393,34.82323,0.09308,24.82323,427,2791,Casablanca,-5.68043,29.82323,"Algiers,Madrid,Arak,Las Palmas,Nema",Africa,-7.6183132917,33.6019220743
-11.45393,24.82323,0.09308,14.82323,428,2794,Nema,-5.68043,19.82323,"Niamey,Arak,Las Palmas,Dakar,Casablanca,Abidjan",Africa,-7.2500073664,16.6170593455
-11.45393,14.82323,0.09308,4.82323,429,2877,Abidjan,-5.68043,9.82323,"Niamey,Dakar,Nema,Conakry,San-Pedro,Lagos",Africa,-4.0419941185,5.3219428261
-11.45393,4.82323,0.09308,-5.17677,430,2880,San-Pedro,-5.68043,-0.17677,"Conakry,Abidjan",Africa,-6.6399670831,4.7704181101
-11.45393,-65.17677,0.09308,-75.17677,437,2881,Neumayer,-5.68043,-70.17677,"Novolazarevskaya Station,Troll Station",,-7.838438004,-70.8903966771
-2.79368,69.82323,8.75333,59.82323,444,2884,Bergen,2.97983,64.82323,"London,Kobenhavn",Europe,5.3245222561,60.3910024202
-2.79368,59.82323,8.75333,49.82323,445,2937,London,2.97983,54.82323,"Glasgow,Birmingham,Bergen,Berlin,Kobenhavn,Paris",Europe,-0.1186677025,51.5019405883
-2.79368,49.82323,8.75333,39.82323,446,2996,Paris,2.97983,44.82323,"Birmingham,London,Berlin,Algiers,Madrid,Rome",Europe,2.3313894671,48.8686387898
-2.79368,39.82323,8.75333,29.82323,447,3036,Algiers,2.97983,34.82323,"Madrid,Paris,Rome,Arak,Tripoli,Casablanca",Africa,3.0486066709,36.7650106566
-2.79368,29.82323,8.75333,19.82323,448,3042,Arak,2.97983,24.82323,"Algiers,Niamey,Agadez,Tripoli,Nema,Casablanca",Africa,3.7499930406,25.279993102
-2.79368,19.82323,8.75333,9.82323,449,3079,Niamey,2.97983,14.82323,"Arak,Agadez,Nema,Abidjan,Lagos,Kano",Africa,2.1147101865,13.5186518105
-2.79368,9.82323,8.75333,-0.17677,450,3138,Lagos,2.97983,4.82323,"Niamey,Abidjan,Douala,Kano",,3.3895852126,6.4452075121
-2.79368,-70.17677,8.75333,-80.17677,458,3139,Troll Station,2.97983,-75.17677,"Neumayer,Maitri Station",Antarctica,2.5333231187,-72.0162902643
5.86658,84.82323,17.41358,74.82323,464,3140,Longyearbyen,11.64008,79.82323,Alta,Europe,15.5499962958,78.2166843864
5.86658,74.82323,17.41358,64.82323,465,3145,Bodo,11.64008,69.82323,"Tampere,Kobenhavn",Europe,14.3990113234,67.2467722687
5.86658,64.82323,17.41358,54.82323,466,3194,Kobenhavn,11.64008,59.82323,"Bodo,Katowice,Tampere,Bergen,London,Berlin",Europe,12.5615398887,55.680510049
5.86658,54.82323,17.41358,44.82323,467,3311,Berlin,11.64008,49.82323,"Katowice,London,Kobenhavn,Paris,Rome,Budapest",Europe,13.3996027647,52.5237645223
5.86658,44.82323,17.41358,34.82323,468,3371,Rome,11.64008,39.82323,"Berlin,Algiers,Paris,Budapest,Athens,Tripoli",Europe,12.4813125629,41.8979014851
5.86658,34.82323,17.41358,24.82323,469,3400,Tripoli,11.64008,29.82323,"Algiers,Rome,Athens,Arak,Agadez,Al Jawf",Africa,13.1800117581,32.8925000194
5.86658,24.82323,17.41358,14.82323,470,3406,Agadez,11.64008,19.82323,"Niamey,Arak,Tripoli,El Fasher,Al Jawf,Kano",Africa,7.9828096096,16.9958734324
5.86658,14.82323,17.41358,4.82323,471,3462,Kano,11.64008,9.82323,"Niamey,Agadez,El Fasher,Lagos,Douala,Bangui",Africa,8.5180919411,12.0019226845
5.86658,4.82323,17.41358,-5.17677,472,3512,Douala,11.64008,-0.17677,"Luanda,Kinshasa,Lagos,Bangui,Kano",Africa,9.7080451475,4.0623556272
5.86658,-5.17677,17.41358,-15.17677,473,3549,Luanda,11.64008,-10.17677,"Namibe,Kuito,Kinshasa,Douala",Africa,13.2324811827,-8.836340255
5.86658,-15.17677,17.41358,-25.17677,474,3564,Namibe,11.64008,-20.17677,"Windhoek,Kuito,Luanda",Africa,12.1600223375,-15.1900431123
5.86658,-25.17677,17.41358,-35.17677,475,3567,Luderitz,11.64008,-30.17677,"Windhoek,Cape Town",Africa,15.1594258206,-26.6480000623
5.86658,-65.17677,17.41358,-75.17677,479,3568,Maitri Station,11.64008,-70.17677,Troll Station,Antarctica,11.7304584017,-70.7821796023
14.52683,79.82323,26.07384,69.82323,485,3569,Alta,20.30033,74.82323,"Longyearbyen,Tampere,Murmansk",,23.2416715075,69.9666453239
14.52683,69.82323,26.07384,59.82323,486,3588,Tampere,20.30033,64.82323,"Bodo,Alta,Katowice,Murmansk,St. Petersburg,Kobenhavn",Europe,23.7500125719,61.5000044954
14.52683,59.82323,26.07384,49.82323,487,3614,Katowice,20.30033,54.82323,"Tampere,St. Petersburg,Kiev,Berlin,Kobenhavn,Budapest",Europe,19.0200170478,50.2603804719
14.52683,49.82323,26.07384,39.82323,488,3753,Budapest,20.30033,44.82323,"Katowice,Kiev,Berlin,Rome,Athens,Istanbul",Europe,19.0813748188,47.501952185
14.52683,39.82323,26.07384,29.82323,489,3780,Athens,20.30033,34.82323,"Rome,Budapest,Istanbul,Tripoli,Al Jawf,Cairo",Europe,23.7313752257,37.9852720906
14.52683,29.82323,26.07384,19.82323,490,3784,Al Jawf,20.30033,24.82323,"Athens,Agadez,Tripoli,El Fasher,Cairo,Dongola",Africa,23.2899889717,24.1999815053
14.52683,19.82323,26.07384,9.82323,491,3790,El Fasher,20.30033,14.82323,"Agadez,Al Jawf,Dongola,Bangui,Kano,El Obeid",Africa,25.3500182685,13.6299806915
14.52683,9.82323,26.07384,-0.17677,492,3835,Bangui,20.30033,4.82323,"Kinshasa,El Fasher,Douala,Kampala,Kano,El Obeid",Africa,18.5582881253,4.3666443063
14.52683,-0.17677,26.07384,-10.17677,493,3871,Kinshasa,20.30033,-5.17677,"Kuito,Luanda,Lubumbashi,Douala,Kampala,Bangui",Africa,15.3130260232,-4.3277782433
14.52683,-10.17677,26.07384,-20.17677,494,3900,Kuito,20.30033,-15.17677,"Windhoek,Harare,Namibe,Luanda,Lubumbashi,Kinshasa",Africa,16.9399889716,-12.3800337536
14.52683,-20.17677,26.07384,-30.17677,495,3926,Windhoek,20.30033,-25.17677,"Harare,Namibe,Kuito,Cape Town,Luderitz,Johannesburg",Africa,17.0835461005,-22.5700060844
14.52683,-30.17677,26.07384,-40.17677,496,3940,Cape Town,20.30033,-35.17677,"Windhoek,Luderitz,Johannesburg",Africa,18.4330422992,-33.9180651086
23.18709,74.82323,34.73409,64.82323,507,3954,Murmansk,28.96059,69.82323,"Alta,Tampere,St. Petersburg,Archangel",Europe,33.1000361722,68.9699878125
23.18709,64.82323,34.73409,54.82323,508,3988,St. Petersburg,28.96059,59.82323,"Katowice,Tampere,Murmansk,Moscow,Kiev,Archangel",Europe,30.3140742003,59.9409603638
23.18709,54.82323,34.73409,44.82323,509,4054,Kiev,28.96059,49.82323,"Katowice,St. Petersburg,Moscow,Budapest,Istanbul,Rostov",Europe,30.5146821105,50.4353131876
23.18709,44.82323,34.73409,34.82323,510,4115,Istanbul,28.96059,39.82323,"Kiev,Budapest,Athens,Tel Aviv-Yafo,Rostov",Asia,29.008055727,41.1069420124
23.18709,34.82323,34.73409,24.82323,511,4150,Cairo,28.96059,29.82323,"Athens,Al Jawf,Dongola,Tel Aviv-Yafo,Jeddah",Africa,31.2480223611,30.0519062051
23.18709,24.82323,34.73409,14.82323,512,4154,Dongola,28.96059,19.82323,"El Fasher,Al Jawf,Cairo,Khartoum,El Obeid,Jeddah",Africa,30.4832966703,19.1665936472
23.18709,14.82323,34.73409,4.82323,513,4173,El Obeid,28.96059,9.82323,"El Fasher,Dongola,Addis Ababa,Khartoum,Kampala,Bangui",Africa,30.2166979561,13.1832896107
23.18709,4.82323,34.73409,-5.17677,514,4273,Kampala,28.96059,-0.17677,"Lubumbashi,Kinshasa,Nairobi,Addis Ababa,Bangui,El Obeid",Africa,32.5813776671,0.3186048134
23.18709,-5.17677,34.73409,-15.17677,515,4320,Lubumbashi,28.96059,-10.17677,"Harare,Kuito,Kinshasa,Lilongwe,Nairobi,Kampala",Africa,27.4780715961,-11.6780789432
23.18709,-15.17677,34.73409,-25.17677,516,4364,Harare,28.96059,-20.17677,"Windhoek,Kuito,Lubumbashi,Lilongwe,Maputo,Johannesburg",Africa,31.0427635721,-17.8158438358
23.18709,-25.17677,34.73409,-35.17677,517,4426,Johannesburg,28.96059,-30.17677,"Windhoek,Harare,Maputo,Cape Town",Africa,28.028063865,-26.1680988814
31.84734,69.82323,43.39435,59.82323,528,4436,Archangel,37.62084,64.82323,"Murmansk,St. Petersburg,Moscow,Nizhny Novgorod,Mezen",Europe,40.5450080961,64.5749589225
31.84734,59.82323,43.39435,49.82323,529,4509,Moscow,37.62084,54.82323,"St. Petersburg,Kiev,Rostov,Volgograd,Archangel,Nizhny Novgorod",Europe,37.6135769673,55.7541099812
31.84734,49.82323,43.39435,39.82323,530,4565,Rostov,37.62084,44.82323,"Moscow,Kiev,Istanbul,Tel Aviv-Yafo,Baku,Volgograd",Europe,39.7107099425,47.2365937052
31.84734,39.82323,43.39435,29.82323,531,4652,Tel Aviv-Yafo,37.62084,34.82323,"Istanbul,Cairo,Rostov,Baghdad,Baku,Jeddah",Asia,34.7680658996,32.081937333
31.84734,29.82323,43.39435,19.82323,532,4669,Jeddah,37.62084,24.82323,"Cairo,Dongola,Khartoum,Tel Aviv-Yafo,Baghdad,Riyadh",Asia,39.2172516906,21.5188353229
31.84734,19.82323,43.39435,9.82323,533,4700,Khartoum,37.62084,14.82323,"Dongola,Addis Ababa,El Obeid,Jeddah,Aden,Riyadh",Africa,32.53223338,15.5900240843
31.84734,9.82323,43.39435,-0.17677,534,4745,Addis Ababa,37.62084,4.82323,"Nairobi,Khartoum,Kampala,El Obeid,Mogadishu,Aden",Africa,38.6980585753,9.0352562213
31.84734,-0.17677,43.39435,-10.17677,535,4802,Nairobi,37.62084,-5.17677,"Lubumbashi,Lilongwe,Addis Ababa,Kampala,Mogadishu",Africa,36.8147110005,-1.2814008832
31.84734,-10.17677,43.39435,-20.17677,536,4843,Lilongwe,37.62084,-15.17677,"Harare,Lubumbashi,Nairobi,Maputo",Africa,33.78330196,-13.9832950655
31.84734,-20.17677,43.39435,-30.17677,537,4852,Maputo,37.62084,-25.17677,"Harare,Lilongwe,Johannesburg",Africa,32.587217104,-25.9533316288
31.84734,-60.17677,43.39435,-70.17677,541,4853,Showa Station,37.62084,-65.17677,,,39.7460831033,-69.0303924877
40.50759,74.82323,52.0546,64.82323,549,4857,Mezen,46.2811,69.82323,"Archangel,Nizhny Novgorod,Ukhta",Europe,44.2400280342,65.8522194612
40.50759,64.82323,52.0546,54.82323,550,4879,Nizhny Novgorod,46.2811,59.82323,"Moscow,Samara,Volgograd,Archangel,Mezen,Ukhta",Europe,43.9981485005,56.3349530802
40.50759,54.82323,52.0546,44.82323,551,4916,Volgograd,46.2811,49.82323,"Moscow,Samara,Atyrau,Rostov,Baku,Nizhny Novgorod",Europe,44.4980146301,48.7119558471
40.50759,44.82323,52.0546,34.82323,552,4986,Baku,46.2811,39.82323,"Tehran,Atyrau,Tel Aviv-Yafo,Rostov,Baghdad,Volgograd",Asia,49.8602713033,40.3972178913
40.50759,34.82323,52.0546,24.82323,553,5027,Baghdad,46.2811,29.82323,"Ad Damman,Tehran,Tel Aviv-Yafo,Baku,Jeddah,Riyadh",Asia,44.3919229146,33.3405943562
40.50759,24.82323,52.0546,14.82323,554,5042,Riyadh,46.2811,19.82323,"Khartoum,Ad Damman,Baghdad,Jeddah,Aden,Salalah",Asia,46.7707957987,24.6427790078
40.50759,14.82323,52.0546,4.82323,555,5078,Aden,46.2811,9.82323,"Addis Ababa,Khartoum,Mogadishu,Riyadh,Salalah",,45.0094901111,12.7797225128
40.50759,4.82323,52.0546,-5.17677,556,5091,Mogadishu,46.2811,-0.17677,"Nairobi,Addis Ababa,Aden",Africa,45.3647317525,2.0686271929
40.50759,-5.17677,52.0546,-15.17677,557,5096,Moroni,46.2811,-10.17677,"Port Louis,Antananarivo",Africa,43.2402440987,-11.7041576957
40.50759,-15.17677,52.0546,-25.17677,558,5118,Antananarivo,46.2811,-20.17677,"Moroni,Port Louis",Africa,47.5146780415,-18.914691492
49.16785,79.82323,60.71485,69.82323,569,5119,Krasino,54.94135,74.82323,,Europe,54.4207989959,70.7314484457
49.16785,69.82323,60.71485,59.82323,570,5123,Ukhta,54.94135,64.82323,"Samara,Nizhny Novgorod,Mezen,Yekaterinburg,Vorkuta",Europe,53.6899938546,63.5599821158
49.16785,59.82323,60.71485,49.82323,571,5179,Samara,54.94135,54.82323,"Oostanay,Atyrau,Volgograd,Nizhny Novgorod,Ukhta,Yekaterinburg",Europe,50.1493492655,53.1969534057
49.16785,49.82323,60.71485,39.82323,572,5197,Atyrau,54.94135,44.82323,"Samara,Oostanay,Tehran,Samarqand,Baku,Volgograd",Asia,51.9200243722,47.1126914664
49.16785,39.82323,60.71485,29.82323,573,5229,Tehran,54.94135,34.82323,"Ad Damman,Atyrau,Quetta,Samarqand,Baghdad,Baku",Asia,51.422398175,35.673888627
49.16785,29.82323,60.71485,19.82323,574,5241,Ad Damman,54.94135,24.82323,"Tehran,Quetta,Sur,Baghdad,Riyadh,Salalah",Asia,50.0977245096,26.4301376097
49.16785,19.82323,60.71485,9.82323,575,5259,Salalah,54.94135,14.82323,"Ad Damman,Aden,Riyadh",Asia,54.0852152088,17.0254581899
49.16785,-0.17677,60.71485,-10.17677,577,5261,Victoria,54.94135,-5.17677,,Africa,55.4499897856,-4.616631654
49.16785,-10.17677,60.71485,-20.17677,578,5265,Port Louis,54.94135,-15.17677,"Moroni,Antananarivo,Curepipe",Africa,57.4999938546,-20.1666385714
49.16785,-20.17677,60.71485,-30.17677,579,5267,Curepipe,54.94135,-25.17677,Port Louis,Africa,57.5166336658,-20.3161901664
57.8281,74.82323,69.37511,64.82323,591,5274,Vorkuta,63.60161,69.82323,"Ukhta,Yekaterinburg,Surgut",Europe,64.009984089,67.5000000195
57.8281,64.82323,69.37511,54.82323,592,5306,Yekaterinburg,63.60161,59.82323,"Samara,Oostanay,Omsk,Ukhta,Vorkuta,Surgut",Asia,60.5980138163,56.8519757853
57.8281,54.82323,69.37511,44.82323,593,5322,Oostanay,63.60161,49.82323,"Tashkent,Samara,Omsk,Atyrau,Samarqand,Yekaterinburg",Asia,63.6283019601,53.2208974397
57.8281,44.82323,69.37511,34.82323,594,5363,Samarqand,63.60161,39.82323,"Lahore,Tashkent,Oostanay,Tehran,Atyrau,Quetta",Asia,66.9449987375,39.6700191437
57.8281,34.82323,69.37511,24.82323,595,5379,Quetta,63.60161,29.82323,"Karachi,Lahore,Ad Damman,Tehran,Samarqand",Asia,67.023047996,30.2219475056
57.8281,24.82323,69.37511,14.82323,596,5383,Sur,63.60161,19.82323,Ad Damman,Asia,59.5348050525,22.5758170766
57.8281,-65.17677,69.37511,-75.17677,605,5384,Mawson Station,63.60161,-70.17677,,,62.8750007254,-67.6145203175
66.48836,69.82323,78.03536,59.82323,612,5393,Surgut,72.26186,64.82323,"Novosibirsk,Nakhodka,Omsk,Yekaterinburg,Vorkuta",Asia,73.4250166411,61.2599416292
66.48836,59.82323,78.03536,49.82323,613,5419,Omsk,72.26186,54.82323,"Novosibirsk,Tashkent,Oostanay,Barnaul,Yekaterinburg,Surgut",Asia,73.3980077129,54.9919342814
66.48836,49.82323,78.03536,39.82323,614,5465,Tashkent,72.26186,44.82323,"Lahore,Kashi,Oostanay,Omsk,Barnaul,Samarqand",Asia,69.2929869609,41.3136477416
66.48836,39.82323,78.03536,29.82323,615,5524,Lahore,72.26186,34.82323,"Karachi,Tashkent,Delhi,Kashi,Quetta,Samarqand",Asia,74.3480789205,31.5619173949
66.48836,29.82323,78.03536,19.82323,616,5561,Karachi,72.26186,24.82323,"Lahore,Delhi,Quetta,Mumbai,Hyderabad",Asia,66.9880630514,24.8719381468
66.48836,19.82323,78.03536,9.82323,617,5584,Mumbai,72.26186,14.82323,"Karachi,Hyderabad,Chennai",Asia,72.8550434388,19.0189362344
66.48836,9.82323,78.03536,-0.17677,618,5585,Male,72.26186,4.82323,,Asia,73.499947468,4.1667081898
75.14861,74.82323,86.69562,64.82323,633,5587,Nakhodka,80.92211,69.82323,"Novosibirsk,Noginsk,Agapa,Surgut",Asia,77.5199604888,67.7503981722
75.14861,64.82323,86.69562,54.82323,634,5601,Novosibirsk,80.92211,59.82323,"Krasnoyarsk,Nakhodka,Noginsk,Omsk,Barnaul,Surgut",Asia,82.9580960104,55.0319060018
75.14861,54.82323,86.69562,44.82323,635,5630,Barnaul,80.92211,49.82323,"Krasnoyarsk,Novosibirsk,Tashkent,Kashi,Urumqi,Omsk",Asia,83.7450068755,53.3549977815
75.14861,44.82323,86.69562,34.82323,636,5642,Kashi,80.92211,39.82323,"Lahore,Tashkent,Delhi,Nagchu,Urumqi,Barnaul",Asia,75.9699259022,39.4763358755
75.14861,34.82323,86.69562,24.82323,637,5702,Delhi,80.92211,29.82323,"Karachi,Lahore,Kashi,Kolkata,Nagchu,Hyderabad",Asia,77.2280581686,28.6719387572
75.14861,24.82323,86.69562,14.82323,638,5743,Hyderabad,80.92211,19.82323,"Karachi,Delhi,Kolkata,Mumbai,Chennai",Asia,78.4780077129,17.4019289915
75.14861,14.82323,86.69562,4.82323,639,5789,Chennai,80.92211,9.82323,"Mumbai,Hyderabad",Asia,80.2780528789,13.0919336709
75.14861,-65.17677,86.69562,-75.17677,647,5792,Davis Station,80.92211,-70.17677,Mirny Station,Antarctica,78.1407350894,-68.7776743893
83.80886,79.82323,95.35587,69.82323,653,5793,Agapa,89.58237,74.82323,"Nakhodka,Noginsk,Boyarka",Asia,89.2499938547,71.4503790478
83.80886,69.82323,95.35587,59.82323,654,5797,Noginsk,89.58237,64.82323,"Krasnoyarsk,Novosibirsk,Nakhodka,Agapa,Bratsk,Boyarka",Asia,91.2333353261,64.4833107698
83.80886,59.82323,95.35587,49.82323,655,5833,Krasnoyarsk,89.58237,54.82323,"Kyzyl,Novosibirsk,Noginsk,Bratsk,Urumqi,Barnaul",Asia,92.8640546693,56.0159286255
83.80886,49.82323,95.35587,39.82323,656,5843,Urumqi,89.58237,44.82323,"Xining,Krasnoyarsk,Kyzyl,Kashi,Nagchu,Barnaul",Asia,87.5730597962,43.806958085
83.80886,39.82323,95.35587,29.82323,657,5844,Nagchu,89.58237,34.82323,"Leshan,Xining,Delhi,Kashi,Kolkata,Urumqi",Asia,92.050029662,31.4800022573
83.80886,29.82323,95.35587,19.82323,658,5903,Kolkata,89.58237,24.82323,"Leshan,Delhi,Nagchu,Rangoon,Hyderabad",Asia,88.3227297995,22.4969151569
83.80886,19.82323,95.35587,9.82323,659,5904,Port Blair,89.58237,14.82323,Rangoon,Asia,92.7359826243,11.6670255727
83.80886,-60.17677,95.35587,-70.17677,667,5905,Mirny Station,89.58237,-65.17677,Davis Station,,93.0062884562,-66.5755295194
92.46912,74.82323,104.01612,64.82323,675,5907,Boyarka,98.24262,69.82323,"Noginsk,Agapa,Bratsk,Chelyuskin,Yerema",Asia,97.5000329173,70.766984069
92.46912,64.82323,104.01612,54.82323,676,5918,Bratsk,98.24262,59.82323,"Krasnoyarsk,Kyzyl,Irkutsk,Noginsk,Boyarka,Yerema",Asia,101.6150272207,56.1569972932
92.46912,54.82323,104.01612,44.82323,677,5926,Kyzyl,98.24262,49.82323,"Xining,Baotou,Krasnoyarsk,Irkutsk,Bratsk,Urumqi",Asia,94.3830655507,51.7067004589
92.46912,44.82323,104.01612,34.82323,678,5937,Xining,98.24262,39.82323,"Leshan,Chengdu,Baotou,Kyzyl,Nagchu,Urumqi",Asia,101.7680589825,36.6219444538
92.46912,34.82323,104.01612,24.82323,679,5944,Leshan,98.24262,29.82323,"Xining,Chongqing,Chengdu,Kolkata,Nagchu,Rangoon",Asia,103.7314016746,29.5690416218
92.46912,24.82323,104.01612,14.82323,680,6015,Rangoon,98.24262,19.82323,"Leshan,Chongqing,Kolkata,Bangkok,Port Blair,Ho Chi Minh City",Asia,96.1647317527,16.7852999632
92.46912,14.82323,104.01612,4.82323,681,6066,Bangkok,98.24262,9.82323,"Ho Chi Minh City,Rangoon,Medan,Singapore",Asia,100.5146987937,13.7519450641
92.46912,4.82323,104.01612,-5.17677,682,6088,Medan,98.24262,-0.17677,"Bangkok,Singapore,Jakarta",Asia,98.6480943829,3.5819198362
101.12937,79.82323,112.67638,69.82323,695,6091,Chelyuskin,106.90288,74.82323,"Udachnyy,Boyarka,Yerema",Asia,104.2500085032,77.7169732861
101.12937,69.82323,112.67638,59.82323,696,6094,Yerema,106.90288,64.82323,"Mirnyy,Udachnyy,Irkutsk,Bratsk,Boyarka,Chelyuskin",Asia,107.7794054759,60.3807963248
101.12937,59.82323,112.67638,49.82323,697,6113,Irkutsk,106.90288,54.82323,"Mirnyy,Baotou,Kyzyl,Chita,Bratsk,Yerema",Asia,104.2450475657,52.3199705191
101.12937,49.82323,112.67638,39.82323,698,6130,Baotou,106.90288,44.82323,"Beijing,Xining,Chengdu,Kyzyl,Irkutsk,Chita",Asia,109.8200739565,40.6541531127
101.12937,39.82323,112.67638,29.82323,699,6164,Chengdu,106.90288,34.82323,"Beijing,Wuhan,Leshan,Xining,Chongqing,Baotou",Asia,104.0680736309,30.671945878
101.12937,29.82323,112.67638,19.82323,700,6223,Chongqing,106.90288,24.82323,"Wuhan,Leshan,Chengdu,Ho Chi Minh City,Rangoon,Guangzhou",Asia,106.5930357892,29.566922888
101.12937,19.82323,112.67638,9.82323,701,6301,Ho Chi Minh City,106.90288,14.82323,"Chongqing,Bangkok,Rangoon,Guangzhou,Singapore",Asia,106.6930813621,10.7819713092
101.12937,9.82323,112.67638,-0.17677,702,6319,Singapore,106.90288,4.82323,"Bangkok,Ho Chi Minh City,Medan,Jakarta,Palu",Asia,103.8538748191,1.2949793251
101.12937,-0.17677,112.67638,-10.17677,703,6347,Jakarta,106.90288,-5.17677,"Medan,Singapore,Palu,Surabaya",Asia,106.8274917625,-6.1724718468
101.12937,-60.17677,112.67638,-70.17677,709,6348,Casey Station,106.90288,-65.17677,Vostok,,110.5362139729,-66.2860861375
101.12937,-70.17677,112.67638,-80.17677,710,6349,Vostok,106.90288,-75.17677,Casey Station,Antarctica,106.8000337311,-78.4662841608
109.78963,74.82323,121.33663,64.82323,717,6354,Udachnyy,115.56313,69.82323,"Mirnyy,Vilyuysk,Govorovo,Chelyuskin,Yerema",Asia,112.3965396719,66.4231665234
109.78963,64.82323,121.33663,54.82323,718,6362,Mirnyy,115.56313,59.82323,"Udachnyy,Vilyuysk,Irkutsk,Chita,Neryungri,Yerema",Asia,113.9613537181,62.5400185335
109.78963,54.82323,121.33663,44.82323,719,6377,Chita,115.56313,49.82323,"Mirnyy,Beijing,Shenyeng,Baotou,Irkutsk,Neryungri",Asia,113.465001586,52.0550254507
109.78963,44.82323,121.33663,34.82323,720,6436,Beijing,115.56313,39.82323,"Wuhan,Shanghai,Shenyeng,Chengdu,Baotou,Chita",Asia,116.3863398257,39.9308380899
109.78963,34.82323,121.33663,24.82323,721,6514,Wuhan,115.56313,29.82323,"Beijing,Taipei,Shanghai,Chongqing,Chengdu,Guangzhou",Asia,114.2680711896,30.5819772093
109.78963,24.82323,121.33663,14.82323,722,6537,Guangzhou,115.56313,19.82323,"Wuhan,Taipei,Chongqing,Ho Chi Minh City",Asia,113.3230642723,23.1469271605
109.78963,14.82323,121.33663,4.82323,723,6543,Kota Kinabalu,115.56313,9.82323,"Davao,Manila,Palu",Asia,116.1100080964,5.9799825225
109.78963,4.82323,121.33663,-5.17677,724,6552,Palu,115.56313,-0.17677,"Davao,Ujungpandang,Kota Kinabalu,Singapore,Jakarta",Asia,119.8330366608,-0.9070389619
109.78963,-5.17677,121.33663,-15.17677,725,6578,Surabaya,115.56313,-10.17677,"Ujungpandang,Jakarta",Asia,112.7488874331,-7.247289962
109.78963,-15.17677,121.33663,-25.17677,726,6579,Roebourne,115.56313,-20.17677,"Newman,Kupang,Perth",Australia,117.1333048086,-20.7829317029
109.78963,-25.17677,121.33663,-35.17677,727,6608,Perth,115.56313,-30.17677,"Kalgoorlie,Newman,Roebourne",Australia,115.838052879,-31.9530687707
118.44988,79.82323,129.99689,69.82323,737,6610,Govorovo,124.22338,74.82323,"Udachnyy,Vilyuysk,Tiksi",Asia,125.9932808015,70.211359069
118.44988,69.82323,129.99689,59.82323,738,6617,Vilyuysk,124.22338,64.82323,"Mirnyy,Udachnyy,Govorovo,Yakutsk,Tiksi,Neryungri",Asia,121.6247619213,63.7552673535
118.44988,59.82323,129.99689,49.82323,739,6631,Neryungri,124.22338,54.82323,"Mirnyy,Vilyuysk,Yakutsk,Shenyeng,Chita,Jiamusi",Asia,124.7103616934,56.6740458365
118.44988,49.82323,129.99689,39.82323,740,6703,Shenyeng,124.22338,44.82323,"Beijing,Shanghai,Kyoto,Chita,Neryungri,Jiamusi",Asia,123.4480276512,41.806925126
118.44988,39.82323,129.99689,29.82323,741,6761,Shanghai,124.22338,34.82323,"Beijing,Wuhan,Taipei,Shenyeng,Kyoto,Osaka",Asia,121.4345588198,31.2183983112
118.44988,29.82323,129.99689,19.82323,742,6795,Taipei,124.22338,24.82323,"Wuhan,Shanghai,Guangzhou",Asia,121.5683333333,25.0358333333
118.44988,19.82323,129.99689,9.82323,743,6820,Manila,124.22338,14.82323,"Davao,Kota Kinabalu",Asia,120.9802713035,14.6061048134
118.44988,9.82323,129.99689,-0.17677,744,6836,Davao,124.22338,4.82323,"Sorong,Kota Kinabalu,Manila,Palu",Asia,125.6280496239,7.1119627643
118.44988,-0.17677,129.99689,-10.17677,745,6851,Ujungpandang,124.22338,-5.17677,"Sorong,Kupang,Palu,Surabaya",Asia,119.4300816877,-5.1380130252
118.44988,-10.17677,129.99689,-20.17677,746,6856,Kupang,124.22338,-15.17677,"Newman,Alice Springs,Darwin,Ujungpandang,Roebourne",Asia,123.5829886465,-10.1786694144
118.44988,-20.17677,129.99689,-30.17677,747,6859,Newman,124.22338,-25.17677,"Kalgoorlie,Port Lincoln,Alice Springs,Kupang,Roebourne,Perth",Australia,119.7333011465,-23.3665982882
118.44988,-30.17677,129.99689,-40.17677,748,6865,Kalgoorlie,124.22338,-35.17677,"Port Lincoln,Newman,Perth",Australia,121.4600174551,-30.7353991508
118.44988,-70.17677,129.99689,-80.17677,752,6866,Concordia Research Station,124.22338,-75.17677,,Antarctica,124.1670356843,-74.6663093886
127.11013,74.82323,138.65714,64.82323,759,6872,Tiksi,132.88364,69.82323,"Ust Nera,Zemlya Bunge,Vilyuysk,Govorovo,Yakutsk",,128.8349667551,71.6268855246
127.11013,64.82323,138.65714,54.82323,760,6879,Yakutsk,132.88364,59.82323,"Ust Nera,Vilyuysk,Tiksi,Neryungri,Jiamusi,Nikolayevsk na Amure",Asia,129.7350162345,62.0349589225
127.11013,54.82323,138.65714,44.82323,761,6907,Jiamusi,132.88364,49.82323,"Yakutsk,Shenyeng,Kyoto,Sapporo,Neryungri,Nikolayevsk na Amure",Asia,130.3480715965,46.8319672403
127.11013,44.82323,138.65714,34.82323,762,6938,Kyoto,132.88364,39.82323,"Shanghai,Shenyeng,Osaka,Sapporo,Tokyo,Jiamusi",Asia,135.7480520653,35.0319381469
127.11013,34.82323,138.65714,24.82323,763,6959,Osaka,132.88364,29.82323,"Shanghai,Kyoto,Tokyo",Asia,135.4581989566,34.7519810749
127.11013,14.82323,138.65714,4.82323,765,6960,Koror,132.88364,9.82323,,Oceania,134.469500871,7.3452263548
127.11013,4.82323,138.65714,-5.17677,766,6964,Sorong,132.88364,-0.17677,"Davao,Jayapura,Ujungpandang",Asia,131.2849991446,-0.855414206
127.11013,-5.17677,138.65714,-15.17677,767,6971,Darwin,132.88364,-10.17677,"Cairns,Jayapura,Alice Springs,Kupang",Australia,130.850038614,-12.4253539847
127.11013,-15.17677,138.65714,-25.17677,768,6975,Alice Springs,132.88364,-20.17677,"Cairns,Mount Isa,Port Lincoln,Newman,Kupang,Darwin",Australia,133.880034545,-23.7009964815
127.11013,-25.17677,138.65714,-35.17677,769,6985,Port Lincoln,132.88364,-30.17677,"Melbourne,Mount Isa,Kalgoorlie,Newman,Alice Springs",,135.8665799552,-34.7332429822
135.77039,79.82323,147.31739,69.82323,779,6986,Zemlya Bunge,141.54389,74.82323,"Ust Nera,Zyryanka,Tiksi",Asia,142.1050105379,74.898308125
135.77039,69.82323,147.31739,59.82323,780,6989,Ust Nera,141.54389,64.82323,"Zemlya Bunge,Magadan,Zyryanka,Yakutsk,Tiksi,Nikolayevsk na Amure",Asia,143.1999824617,64.5665873404
135.77039,59.82323,147.31739,49.82323,781,6993,Nikolayevsk na Amure,141.54389,54.82323,"Ust Nera,Magadan,Yakutsk,Sapporo,Jiamusi",Asia,140.7300040275,53.1496356396
135.77039,49.82323,147.31739,39.82323,782,7020,Sapporo,141.54389,44.82323,"Kyoto,Tokyo,Jiamusi,Nikolayevsk na Amure",Asia,141.3380984521,43.0769251261
135.77039,39.82323,147.31739,29.82323,783,7049,Tokyo,141.54389,34.82323,"Kyoto,Osaka,Sapporo",Asia,139.7494615705,35.6869627644
135.77039,19.82323,147.31739,9.82323,785,7051,Agana,141.54389,14.82323,,Oceania,144.7500170483,13.4700162953
135.77039,-0.17677,147.31739,-10.17677,787,7063,Jayapura,141.54389,-5.17677,"Sorong,Cairns,Port Moresby,Darwin",Asia,140.6999800203,-2.5329862275
135.77039,-10.17677,147.31739,-20.17677,788,7070,Cairns,141.54389,-15.17677,"Jayapura,Mount Isa,Townsville,Alice Springs,Darwin",Australia,145.7633309461,-16.8878398586
135.77039,-20.17677,147.31739,-30.17677,789,7084,Mount Isa,141.54389,-25.17677,"Cairns,Melbourne,Townsville,Sydney,Port Lincoln,Alice Springs",Australia,139.4900280346,-20.7238655408
135.77039,-30.17677,147.31739,-40.17677,790,7130,Melbourne,141.54389,-35.17677,"Mount Isa,Sydney,Canberra,Port Lincoln",Australia,144.9730703759,-37.8180854537
135.77039,-60.17677,147.31739,-70.17677,793,7131,Dumont d'Urville Station,141.54389,-65.17677,,Antarctica,139.9636835628,-66.7750509102
144.43064,74.82323,155.97765,64.82323,801,7134,Zyryanka,150.20415,69.82323,"Ust Nera,Zemlya Bunge,Magadan,Omsukchan",Asia,150.8900040275,65.7359733268
144.43064,64.82323,155.97765,54.82323,802,7142,Magadan,150.20415,59.82323,"Ust Nera,Zyryanka,Omsukchan,Nikolayevsk na Amure",Asia,150.8100089103,59.5749798779
144.43064,4.82323,155.97765,-5.17677,808,7144,Kavieng,150.20415,-0.17677,Port Moresby,Oceania,150.8129764768,-2.5812843229
144.43064,-5.17677,155.97765,-15.17677,809,7153,Port Moresby,150.20415,-10.17677,"Jayapura,Kavieng",Asia,147.1925036206,-9.4647078259
144.43064,-15.17677,155.97765,-25.17677,810,7169,Townsville,150.20415,-20.17677,"Cairns,Mount Isa,Sydney",Australia,146.7699971102,-19.2499503389
144.43064,-25.17677,155.97765,-35.17677,811,7226,Sydney,150.20415,-30.17677,"Melbourne,Mount Isa,Townsville,Canberra",Australia,151.1832339501,-33.9180651086
144.43064,-35.17677,155.97765,-45.17677,812,7247,Canberra,150.20415,-40.17677,"Melbourne,Sydney",Australia,149.1290262443,-35.2830285454
153.0909,69.82323,164.6379,59.82323,822,7253,Omsukchan,158.8644,64.82323,"Magadan,Zyryanka,Bilibino,Korf,Petropavlovsk Kamchatskiy",Asia,155.8000402417,62.5332747591
153.0909,59.82323,164.6379,49.82323,823,7261,Petropavlovsk Kamchatskiy,158.8644,54.82323,"Omsukchan,Korf",Asia,158.623020385,53.0619924104
153.0909,9.82323,164.6379,-0.17677,828,7262,Palikir,158.8644,4.82323,,Oceania,158.1499743238,6.916643696
153.0909,-0.17677,164.6379,-10.17677,829,7267,Honiara,158.8644,-5.17677,,Oceania,159.9497657336,-9.4379942951
153.0909,-70.17677,164.6379,-80.17677,836,7268,Terra Nova Bay,158.8644,-75.17677,McMurdo Station,Antarctica,164.2190270616,-74.6191925882
161.75115,74.82323,173.29816,64.82323,843,7269,Bilibino,167.52465,69.82323,"Omsukchan,Korf,Anadyr",Asia,166.3332991122,68.0504056998
161.75115,64.82323,173.29816,54.82323,844,7274,Korf,167.52465,59.82323,"Omsukchan,Bilibino,Anadyr,Petropavlovsk Kamchatskiy",Asia,165.8183434644,60.3320654492
161.75115,14.82323,173.29816,4.82323,849,7276,Majuro,167.52465,9.82323,,,171.3800001757,7.1030043112
161.75115,-5.17677,173.29816,-15.17677,851,7277,Lata,167.52465,-10.17677,Noumea,Oceania,165.8567353093,-10.7380183201
161.75115,-15.17677,173.29816,-25.17677,852,7279,Noumea,167.52465,-20.17677,Lata,Oceania,166.4442852031,-22.2625277637
161.75115,-35.17677,173.29816,-45.17677,854,7284,Queenstown,167.52465,-40.17677,"Dunedin,Wellington",Oceania,168.7250813069,-45.0226715411
161.75115,-45.17677,173.29816,-55.17677,855,7287,Dunedin,167.52465,-50.17677,"Wellington,Queenstown",Oceania,170.4910157454,-45.8854230979
161.75115,-75.17677,173.29816,-85.17677,858,7292,McMurdo Station,167.52465,-80.17677,"Terra Nova Bay,AmundseniScott South Pole Station",Antarctica,166.8694157455,-77.7322823892
170.4114,69.82323,181.95841,59.82323,864,7296,Anadyr,176.18491,64.82323,"Bilibino,Korf",Asia,177.4749962965,64.7369903759
170.4114,9.82323,181.95841,-0.17677,870,7297,Tarawa,176.18491,4.82323,,,173.0175708286,1.3381875056
170.4114,-0.17677,181.95841,-10.17677,871,7298,Funafuti,176.18491,-5.17677,,Oceania,179.216647094,-8.516651999
170.4114,-10.17677,181.95841,-20.17677,872,7302,Suva,176.18491,-15.17677,,Oceania,178.4417073154,-18.1330159314
170.4114,-30.17677,181.95841,-40.17677,874,7317,Auckland,176.18491,-35.17677,Wellington,Oceania,174.7630269871,-36.8480548949
170.4114,-40.17677,181.95841,-50.17677,875,7336,Wellington,176.18491,-45.17677,"Dunedin,Queenstown,Auckland",Oceania,174.7832658593,-41.2999878537
170.4114,-80.17677,181.95841,-90.17677,879,7343,AmundseniScott South Pole Station,176.18491,-85.17677,McMurdo Station,Antarctica,176.9944520942,-89.9999998144
